X,Y,GEO_ID,STATE,COUNTY,NAME,LSAD,CENSUSAREA,elevation,
-73.32480682,41.32444698,0500000US09001,9,1,Fairfield,County,624.89,223.9,2776.71
-72.74452702,41.79457148,0500000US09003,9,3,Hartford,County,735.097,201.46,
-73.25980375,41.76008865,0500000US09005,9,5,Litchfield,County,920.56,844.85,
-72.52302629,41.45578372,0500000US09007,9,7,Middlesex,County,369.301,234.46,
-72.90785334,41.40661933,0500000US09009,9,9,New Haven,County,604.506,196.93,
-72.05607613,41.49208142,0500000US09011,9,11,New London,County,664.878,158.66,
-72.31897417,41.81096251,0500000US09013,9,13,Tolland,County,410.214,544.84,
-71.97909371,41.83273352,0500000US09015,9,15,Windham,County,512.91,421.55,
-75.57321138,39.09716791,0500000US10001,10,1,Kent,County,586.179,33.34,
-75.67439844,39.56476084,0500000US10003,10,3,New Castle,County,426.286,124.33,
-75.39324045,38.70631255,0500000US10005,10,5,Sussex,County,936.079,19.76,
-70.2029474,44.19667645,0500000US23001,23,1,Androscoggin,County,467.927,272.35,
-68.30422729,46.54175651,0500000US23003,23,3,Aroostook,County,6671.33,628.11,
-70.41353605,43.84876929,0500000US23005,23,5,Cumberland,County,835.241,177.11,
-70.46768638,45.07329619,0500000US23007,23,7,Franklin,County,1696.609,1236.84,
-68.33563717,44.73625364,0500000US23009,23,9,Hancock,County,1586.893,162.94,
-69.78809921,44.42921428,0500000US23011,23,11,Kennebec,County,867.524,271.33,
-69.19233787,44.13899727,0500000US23013,23,13,Knox,County,365.134,128.74,
-69.53416579,44.06631355,0500000US23015,23,15,Lincoln,County,455.818,65.55,
-70.65494853,44.56715635,0500000US23017,23,17,Oxford,County,2076.84,1012.12,
-68.43241761,45.51983354,0500000US23019,23,19,Penobscot,County,3397.362,301.28,
-69.27244721,45.79299219,0500000US23021,23,21,Piscataquis,County,3960.856,1024.77,
-69.79273653,43.93536675,0500000US23023,23,23,Sagadahoc,County,253.695,49.86,
-70.12588382,45.57680717,0500000US23025,23,25,Somerset,County,3924.403,1078.93,
-69.08862942,44.5004582,0500000US23027,23,27,Waldo,County,729.918,272.74,
-67.54719679,45.03926525,0500000US23029,23,29,Washington,County,2562.66,164.06,
-70.66466649,43.43708679,0500000US23031,23,31,York,County,990.713,204.15,
-78.595536,39.58091075,0500000US24001,24,1,Allegany,County,424.158,1140.98,
-76.57735097,38.97538634,0500000US24003,24,3,Anne Arundel,County,414.902,71.64,
-76.63661633,39.45794444,0500000US24005,24,5,Baltimore,County,598.302,290.59,
-76.5961671,38.53648121,0500000US24009,24,9,Calvert,County,213.152,88.46,
-75.83488991,38.88756862,0500000US24011,24,11,Caroline,County,319.419,35.82,
-77.01286588,39.53603589,0500000US24013,24,13,Carroll,County,447.595,674.56,
-75.87351612,39.54093499,0500000US24015,24,15,Cecil,County,346.273,155,
-77.03332625,38.47915908,0500000US24017,24,17,Charles,County,457.749,130.95,
-76.07295799,38.4604097,0500000US24019,24,19,Dorchester,County,540.765,3,
-77.36785341,39.46954602,0500000US24021,24,21,Frederick,County,660.221,440.99,
-79.28949856,39.46404524,0500000US24023,24,23,Garrett,County,647.103,2277.14,
-76.28537607,39.51158322,0500000US24025,24,25,Harford,County,437.089,234.07,
-76.89247931,39.23547661,0500000US24027,24,27,Howard,County,250.741,381.77,
-76.15959317,39.19642784,0500000US24029,24,29,Kent,County,277.03,34.33,
-77.23884484,39.14418626,0500000US24031,24,31,Montgomery,County,491.254,383.66,
-76.84226145,38.83355592,0500000US24033,24,33,Prince George's,County,482.691,157.13,
-76.02765997,39.05036947,0500000US24035,24,35,Queen Anne's,County,371.908,21.75,
-76.59880254,38.27666326,0500000US24037,24,37,St. Mary's,County,357.18,5.64,
-75.70013192,38.10506049,0500000US24039,24,39,Somerset,County,319.723,34.6,
-76.16736085,38.75825716,0500000US24041,24,41,Talbot,County,268.538,14,
-77.72047725,39.52048981,0500000US24043,24,43,Washington,County,457.78,577.78,
-75.58183257,38.3941741,0500000US24045,24,45,Wicomico,County,374.444,22.61,
-75.36240822,38.22206582,0500000US24047,24,47,Worcester,County,468.281,10.82,
-76.62044854,39.28336195,0500000US24510,24,510,Baltimore,city,80.944,176.39,
-69.97363582,41.79736426,0500000US25001,25,1,Barnstable,County,393.723,24.86,
-73.19980487,42.39873328,0500000US25003,25,3,Berkshire,County,926.825,1256.54,
-71.17784458,41.79729943,0500000US25005,25,5,Bristol,County,553.096,81.17,
-70.61848559,41.39163692,0500000US25007,25,7,Dukes,County,103.245,52.43,
-70.91738912,42.6505143,0500000US25009,25,9,Essex,County,492.563,78.45,
-72.56196352,42.51935097,0500000US25011,25,11,Franklin,County,699.319,818.47,
-72.62933268,42.17247794,0500000US25013,25,13,Hampden,County,617.14,332.13,
-72.71419676,42.37010594,0500000US25015,25,15,Hampshire,County,527.255,468.88,
-71.28842274,42.44699347,0500000US25017,25,17,Middlesex,County,817.817,173.02,
-70.01823492,41.31793513,0500000US25019,25,19,Nantucket,County,44.97,27.58,
-71.20290845,42.15648254,0500000US25021,25,21,Norfolk,County,396.105,147.6,
-70.86112308,41.96732531,0500000US25023,25,23,Plymouth,County,659.075,59.89,
-71.06071296,42.33891921,0500000US25025,25,25,Suffolk,County,58.154,61.35,
-71.95791668,42.36550242,0500000US25027,25,27,Worcester,County,1510.77,673.66,
-71.43523116,43.52233981,0500000US33001,33,1,Belknap,County,400.232,668.3,
-71.2774955,43.88533591,0500000US33003,33,3,Carroll,County,931.061,1050.08,
-72.29751237,42.94754977,0500000US33005,33,5,Cheshire,County,706.66,919.14,
-71.31472229,44.69545932,0500000US33007,33,7,Coos,County,1794.685,1795.85,
-71.73359278,43.96782177,0500000US33009,33,9,Grafton,County,1708.749,1190.27,
-71.72067237,42.95651364,0500000US33011,33,11,Hillsborough,County,876.139,515.09,
-71.68040467,43.30757378,0500000US33013,33,13,Merrimack,County,934.116,641.03,
-72.23723344,43.36508426,0500000US33019,33,19,Sullivan,County,537.313,1150.41,
-71.05908786,43.32716927,0500000US33017,33,17,Strafford,County,368.975,330.1,
-71.06804097,43.00584426,0500000US33015,33,15,Rockingham,County,694.72,217.36,
-74.68275681,39.51008719,0500000US34001,34,1,Atlantic,County,555.704,26.71,
-74.02823961,40.94539027,0500000US34003,34,3,Bergen,County,233.009,144.21,
-74.68225917,39.86481921,0500000US34005,34,5,Burlington,County,798.576,49.74,
-74.98995119,39.80206445,0500000US34007,34,7,Camden,County,221.263,77.47,
-74.79949792,39.12671682,0500000US34009,34,9,Cape May,County,251.425,8.74,
-75.12462558,39.37299614,0500000US34011,34,11,Cumberland,County,483.703,24.88,
-74.25534869,40.79112386,0500000US34013,34,13,Essex,County,126.212,167.24,
-75.14581546,39.70117083,0500000US34015,34,15,Gloucester,County,322.005,72.23,
-74.06884579,40.73298963,0500000US34017,34,17,Hudson,County,46.191,52.79,
-74.9124434,40.56383905,0500000US34019,34,19,Hunterdon,County,427.819,324.99,
-74.68196757,40.28065938,0500000US34021,34,21,Mercer,County,224.557,137.76,
-74.40043109,40.43062846,0500000US34023,34,23,Middlesex,County,308.914,72.18,
-74.1908743,40.27743083,0500000US34025,34,25,Monmouth,County,468.793,45.37,
-74.57171585,40.86736358,0500000US34027,34,27,Morris,County,460.177,532.69,
-74.25601954,39.83899302,0500000US34029,34,29,Ocean,County,628.781,31.91,
-74.30791206,41.01154404,0500000US34031,34,31,Passaic,County,184.593,335.88,
-75.30596888,39.5850575,0500000US34033,34,33,Salem,County,331.899,41.3,
-74.62495014,40.56632894,0500000US34035,34,35,Somerset,County,301.813,202.65,
-74.70052367,41.12767269,0500000US34037,34,37,Sussex,County,519.014,701.39,
-74.27344801,40.66589486,0500000US34039,34,39,Union,County,102.855,114.17,
-74.95958441,40.8421539,0500000US34041,34,41,Warren,County,356.918,495.74,
-73.97719629,42.61658903,0500000US36001,36,1,Albany,County,522.804,265.9,
-78.02375208,42.25211899,0500000US36003,36,3,Allegany,County,1029.308,1645,
-73.86039548,40.8516185,0500000US36005,36,5,Bronx,County,42.096,75.18,
-78.68483774,42.3018115,0500000US36009,36,9,Cattaraugus,County,1308.35,1492.13,
-76.60219772,43.01924639,0500000US36011,36,11,Cayuga,County,691.582,572.7,
-79.40017318,42.27728644,0500000US36013,36,13,Chautauqua,County,1060.226,1224.95,
-75.6347606,42.47042755,0500000US36017,36,17,Chenango,County,893.548,1123.2,
-74.94720735,42.17820794,0500000US36025,36,25,Delaware,County,1442.44,1542.19,
-73.74885388,44.14507501,0500000US36031,36,31,Essex,County,1794.228,1806.93,
-74.50619455,43.69375013,0500000US36041,36,41,Hamilton,County,1717.373,1847.1,
-75.81255855,44.03525802,0500000US36045,36,45,Jefferson,County,1268.59,460.57,
-77.78136607,42.73018513,0500000US36051,36,51,Livingston,County,631.763,1011.21,
-75.72625206,42.95020357,0500000US36053,36,53,Madison,County,654.842,987.3,
-73.56939877,40.74799686,0500000US36059,36,59,Nassau,County,284.716,98.59,
-78.75649755,43.19554995,0500000US36063,36,63,Niagara,County,522.359,517.95,
-75.4969919,43.24013588,0500000US36065,36,65,Oneida,County,1212.429,808.24,
-76.2027726,43.020816,0500000US36067,36,67,Onondaga,County,778.39,676.12,
-74.33128213,41.38871705,0500000US36071,36,71,Orange,County,811.686,497.24,
-76.21105853,43.43545638,0500000US36075,36,75,Oswego,County,951.65,518.04,
-74.98947822,42.61177951,0500000US36077,36,77,Otsego,County,1001.7,1487.27,
-73.79429321,40.67410581,0500000US36081,36,81,Queens,County,108.532,52.3,
-73.84589607,43.08816416,0500000US36091,36,91,Saratoga,County,809.984,542.45,
-72.90844458,40.88749556,0500000US36103,36,103,Suffolk,County,912.051,38.5,
-74.79094105,41.71972138,0500000US36105,36,105,Sullivan,County,968.132,1583.45,
-73.90656163,43.5117483,0500000US36113,36,113,Warren,County,866.952,724.9,
-73.43021647,43.37440189,0500000US36115,36,115,Washington,County,831.184,399.27,
-73.78532955,41.12196409,0500000US36119,36,119,Westchester,County,430.497,236.74,
-77.13063866,42.61527451,0500000US36123,36,123,Yates,County,338.143,808.67,
-77.28195292,42.80644909,0500000US36069,36,69,Ontario,County,644.065,867.06,
-78.22962559,43.25269748,0500000US36073,36,73,Orleans,County,391.259,506.35,
-73.75485617,41.42237185,0500000US36079,36,79,Putnam,County,230.312,375.25,
-73.48951924,42.71373032,0500000US36083,36,83,Rensselaer,County,652.431,432.26,
-75.86183965,42.20671599,0500000US36007,36,7,Broome,County,705.766,1178.08,
-76.76215917,42.14657292,0500000US36015,36,15,Chemung,County,407.352,907.27,
-73.67644951,44.71738146,0500000US36019,36,19,Clinton,County,1037.852,660.88,
-73.64136058,42.24381143,0500000US36021,36,21,Columbia,County,634.705,409.35,
-76.07133176,42.59491601,0500000US36023,36,23,Cortland,County,498.76,1390.25,
-73.72702614,41.75936367,0500000US36027,36,27,Dutchess,County,795.63,308.72,
-74.25760028,44.56056763,0500000US36033,36,33,Franklin,County,1629.119,1218.4,
-74.42684716,43.13510359,0500000US36035,36,35,Fulton,County,495.469,912.44,
-78.18647157,43.00005704,0500000US36037,36,37,Genesee,County,492.936,823.06,
-74.13181934,42.28000662,0500000US36039,36,39,Greene,County,647.161,1199.14,
-74.94121311,43.46513467,0500000US36043,36,43,Herkimer,County,1411.47,1253.56,
-73.941813,40.65305773,0500000US36047,36,47,Kings,County,70.816,43.58,
-75.49147801,43.83965062,0500000US36049,36,49,Lewis,County,1274.679,1102.1,
-77.6857378,43.15561851,0500000US36055,36,55,Monroe,County,657.205,521.59,
-74.41983976,42.90958965,0500000US36057,36,57,Montgomery,County,403.043,467.43,
-73.95959683,40.78108658,0500000US36061,36,61,New York,County,22.829,49.46,
-74.14597168,40.57198322,0500000US36085,36,85,Richmond,County,58.37,46.76,
-74.05734927,41.1607623,0500000US36087,36,87,Rockland,County,173.55,357.27,
-75.16590596,44.52549282,0500000US36089,36,89,St. Lawrence,County,2680.377,847.98,
-74.04475213,42.83132623,0500000US36093,36,93,Schenectady,County,204.516,296.44,
-74.43478841,42.59441996,0500000US36095,36,95,Schoharie,County,621.819,1496,
-76.89574158,42.38982101,0500000US36097,36,97,Schuyler,County,328.333,1134.44,
-76.85791971,42.78231642,0500000US36099,36,99,Seneca,County,323.705,873.33,
-77.41840336,42.29311205,0500000US36101,36,101,Steuben,County,1390.559,1313.81,
-76.31067201,42.20453152,0500000US36107,36,107,Tioga,County,518.602,957.74,
-76.47280438,42.44642744,0500000US36109,36,109,Tompkins,County,474.649,912.5,
-77.04141515,43.17272099,0500000US36117,36,117,Wayne,County,603.826,418.33,
-78.20988378,42.696411,0500000US36121,36,121,Wyoming,County,592.746,1354.68,
-78.66762418,42.76802183,0500000US36029,36,29,Erie,County,1042.693,707.08,
-74.20354505,41.87965255,0500000US36111,36,111,Ulster,County,1124.235,486.8,
-78.48297741,40.02702894,0500000US42009,42,9,Bedford,County,1012.296,1236.38,
-75.92821435,40.40380687,0500000US42011,42,11,Berks,County,856.506,423.45,
-78.34839612,40.49255511,0500000US42013,42,13,Blair,County,525.8,1212.05,
-79.92614833,40.91628346,0500000US42019,42,19,Butler,County,788.604,1279.94,
-78.73345527,40.48429937,0500000US42021,42,21,Cambria,County,688.351,1829.29,
-75.75196468,40.93202778,0500000US42025,42,25,Carbon,County,381.46,948.31,
-77.62391212,41.22074125,0500000US42035,42,35,Clinton,County,887.984,970.61,
-76.39775428,41.04293893,0500000US42037,42,37,Columbia,County,483.108,1195.36,
-80.06602775,41.66536049,0500000US42039,42,39,Crawford,County,1012.298,1247.81,
-78.75694179,41.41125501,0500000US42047,42,47,Elk,County,827.358,1602,
-79.23541815,41.48520352,0500000US42053,42,53,Forest,County,427.185,1954,
-78.09393784,39.9429485,0500000US42057,42,57,Fulton,County,437.551,926.07,
-79.09467283,40.63944858,0500000US42063,42,63,Indiana,County,827.03,1360.38,
-79.00465724,41.14288752,0500000US42065,42,65,Jefferson,County,652.429,1486.44,
-77.50749162,40.47613845,0500000US42067,42,67,Juniata,County,391.35,515,
-75.64068212,41.40182204,0500000US42069,42,69,Lackawanna,County,459.078,1138.67,
-80.34175739,40.98617952,0500000US42073,42,73,Lawrence,County,358.175,983.83,
-76.44312576,40.37542824,0500000US42075,42,75,Lebanon,County,361.833,465.75,
-75.58266508,40.60200735,0500000US42077,42,77,Lehigh,County,345.166,406.73,
-75.9547688,41.16573472,0500000US42079,42,79,Luzerne,County,890.333,922.61,
-77.22600121,39.89427113,0500000US42001,42,1,Adams,County,518.668,619.5,
-80.00855527,40.43877544,0500000US42003,42,3,Allegheny,County,730.075,927.99,
-79.45344028,40.84398151,0500000US42005,42,5,Armstrong,County,653.203,927.92,
-80.33328035,40.65620756,0500000US42007,42,7,Beaver,County,434.712,860.94,
-76.5109228,41.77200752,0500000US42015,42,15,Bradford,County,1147.399,1128.31,
-75.12821783,40.32744364,0500000US42017,42,17,Bucks,County,604.307,270.98,
-77.80558506,40.97164867,0500000US42027,42,27,Centre,County,1109.921,1169,
-75.71394726,39.97873359,0500000US42029,42,29,Chester,County,750.508,367.27,
-79.43753912,41.20278535,0500000US42031,42,31,Clarion,County,600.834,1404.39,
-78.44381537,40.98893095,0500000US42033,42,33,Clearfield,County,1144.722,1509.03,
-77.31833877,40.13701809,0500000US42041,42,41,Cumberland,County,545.459,507.26,
-76.83700253,40.38923575,0500000US42043,42,43,Dauphin,County,525.047,479.5,
-75.37805437,39.93397231,0500000US42045,42,45,Delaware,County,183.843,216.39,
-80.01409225,42.06229592,0500000US42049,42,49,Erie,County,799.154,967.45,
-79.65463347,39.93341284,0500000US42051,42,51,Fayette,County,790.339,1015.97,
-77.70647934,40.00442968,0500000US42055,42,55,Franklin,County,772.224,789,
-80.22409893,39.87002553,0500000US42059,42,59,Greene,County,575.949,1047.85,
-78.04751929,40.40426067,0500000US42061,42,61,Huntingdon,County,874.639,881.41,
-76.23406865,40.01879917,0500000US42071,42,71,Lancaster,County,943.81,460.86,
-78.57765783,41.78496752,0500000US42083,42,83,McKean,County,979.197,1747.4,
-75.29196346,41.03302225,0500000US42089,42,89,Monroe,County,608.286,896.67,
-75.36391853,40.21297561,0500000US42091,42,91,Montgomery,County,483.04,269.6,
-75.39894767,40.75278349,0500000US42095,42,95,Northampton,County,369.671,414.04,
-76.69046916,40.8899786,0500000US42097,42,97,Northumberland,County,458.368,817.11,
-77.269162,40.40639542,0500000US42099,42,99,Perry,County,551.445,674.07,
-75.13896826,40.00191068,0500000US42101,42,101,Philadelphia,County,134.101,121.92,
-75.05209068,41.34085247,0500000US42103,42,103,Pike,County,544.961,1060.6,
-79.03985979,40.00882404,0500000US42111,42,111,Somerset,County,1074.374,2090,
-79.28098593,41.8079165,0500000US42123,42,123,Warren,County,884.135,1436.66,
-80.23842748,40.21485884,0500000US42125,42,125,Washington,County,856.989,1035.63,
-75.26132052,41.61609359,0500000US42127,42,127,Wayne,County,725.604,1426.5,
-79.38643272,40.36099571,0500000US42129,42,129,Westmoreland,County,1027.554,1060.74,
-76.74213703,39.97162945,0500000US42133,42,133,York,County,904.181,528.42,
-77.05333836,41.33004144,0500000US42081,42,81,Lycoming,County,1228.594,942.55,
-80.25932932,41.28984349,0500000US42085,42,85,Mercer,County,672.575,1240.27,
-77.64761506,40.60336781,0500000US42087,42,87,Mifflin,County,411.031,863.93,
-76.66292327,41.02777131,0500000US42093,42,93,Montour,County,130.242,558,
-77.9046793,41.77282001,0500000US42105,42,105,Potter,County,1081.323,1669.15,
-76.16110782,40.72004611,0500000US42107,42,107,Schuylkill,County,778.634,928.68,
-77.10641536,40.7627001,0500000US42109,42,109,Snyder,County,328.705,751,
-78.20435071,41.42659201,0500000US42023,42,23,Cameron,County,396.231,1311.6,
-76.50933377,41.43862315,0500000US42113,42,113,Sullivan,County,449.94,1683,
-75.800573,41.81457798,0500000US42115,42,115,Susquehanna,County,823.435,1443.5,
-77.24948349,41.76093212,0500000US42117,42,117,Tioga,County,1133.788,1498.49,
-77.04767216,40.97867557,0500000US42119,42,119,Union,County,315.982,524.38,
-79.73884037,41.394987,0500000US42121,42,121,Venango,County,674.284,1236.69,
-76.00955108,41.51818759,0500000US42131,42,131,Wyoming,County,397.324,1177.75,
-71.26132558,41.7088514,0500000US44001,44,1,Bristol,County,24.164,27.72,
-71.61805083,41.68165343,0500000US44003,44,3,Kent,County,168.528,157.68,
-71.16896,41.56128313,0500000US44005,44,5,Newport,County,102.386,41.8,
-71.56583295,41.86908633,0500000US44007,44,7,Providence,County,409.502,176.97,
-71.60627346,41.48000358,0500000US44009,44,9,Washington,County,329.235,101.35,
-72.64542512,44.60612144,0500000US50015,50,15,Lamoille,County,458.797,1286,
-72.43894031,43.99750684,0500000US50017,50,17,Orange,County,687.033,1923,
-72.25699772,44.77530498,0500000US50019,50,19,Orleans,County,693.268,1191,
-73.02806225,43.57482328,0500000US50021,50,21,Rutland,County,929.821,541,
-72.61380648,44.26155444,0500000US50023,50,23,Washington,County,687.233,1264,
-72.73410945,42.99526205,0500000US50025,50,25,Windham,County,785.305,1759,
-72.54575354,43.59546454,0500000US50027,50,27,Windsor,County,969.337,1066,
-73.07791115,44.02823422,0500000US50001,50,1,Addison,County,766.325,1241,
-73.13640597,43.0268615,0500000US50003,50,3,Bennington,County,674.98,817,
-72.11632439,44.47411804,0500000US50005,50,5,Caledonia,County,648.864,614,
-73.05269111,44.44322125,0500000US50007,50,7,Chittenden,County,536.578,673,
-71.73511584,44.68065952,0500000US50009,50,9,Essex,County,663.598,486,
-72.87524119,44.8236582,0500000US50011,50,11,Franklin,County,633.706,610,
-73.2930154,44.78848676,0500000US50013,50,13,Grand Isle,County,81.811,171,
-81.0777767,37.12764809,0500000US51021,51,21,Bland,County,357.725,2386.33,
-77.84105261,36.80114055,0500000US51025,51,25,Brunswick,County,566.173,313.33,
-80.74553854,36.74876937,0500000US51035,51,35,Carroll,County,474.69,2496.77,
-77.97040685,39.1226895,0500000US51043,51,43,Clarke,County,176.177,656.67,
-80.19170356,37.48675262,0500000US51045,51,45,Craig,County,329.534,1885.5,
-78.219114,37.53161175,0500000US51049,51,49,Cumberland,County,297.461,390.91,
-78.26685568,37.85568256,0500000US51065,51,65,Fluvanna,County,286.005,392.78,
-80.66974763,37.31352114,0500000US51071,51,71,Giles,County,355.781,1930.17,
-77.96671462,37.73412451,0500000US51075,51,75,Goochland,County,281.415,261.2,
-81.2366685,36.68243897,0500000US51077,51,77,Grayson,County,442.175,2776.71,
-78.480043,38.33043854,0500000US51079,51,79,Greene,County,156.246,1181.25,
-79.98594001,36.70003767,0500000US51089,51,89,Henry,County,382.334,974,
-77.18012821,38.27041258,0500000US51099,51,99,King George,County,179.636,109.89,
-75.69072493,37.73483849,0500000US51001,51,1,Accomack,County,449.496,23.36,
-78.56193789,37.99947384,0500000US51003,51,3,Albemarle,County,720.698,570.89,
-80.10714189,37.77858398,0500000US51005,51,5,Alleghany,County,445.457,1594.92,
-78.04265606,37.34637158,0500000US51007,51,7,Amelia,County,355.269,341.82,
-79.16314828,37.59997978,0500000US51009,51,9,Amherst,County,473.934,862.48,
-79.30676922,38.1791464,0500000US51015,51,15,Augusta,County,966.999,1631.54,
-79.73640763,38.05385634,0500000US51017,51,17,Bath,County,529.158,1959.18,
-79.56607283,37.31112138,0500000US51019,51,19,Bedford,County,753.021,1266.25,
-79.75887952,37.55759146,0500000US51023,51,23,Botetourt,County,541.202,1576.47,
-82.06173875,37.2884276,0500000US51027,51,27,Buchanan,County,502.763,1797.17,
-78.55887652,37.56328112,0500000US51029,51,29,Buckingham,County,579.657,480.35,
-79.09635394,37.2276255,0500000US51031,51,31,Campbell,County,503.867,676.5,
-77.36788188,38.01449963,0500000US51033,51,33,Caroline,County,527.513,201.91,
-77.08208735,37.35790959,0500000US51036,51,36,Charles City,County,182.817,56,
-78.60463545,36.97351302,0500000US51037,51,37,Charlotte,County,475.271,503.67,
-77.62974129,37.39021763,0500000US51041,51,41,Chesterfield,County,423.297,129.46,
-78.00059145,38.50368183,0500000US51047,51,47,Culpeper,County,379.234,416.64,
-82.36065698,37.13082077,0500000US51051,51,51,Dickenson,County,330.532,1896.17,
-77.64657761,37.08950199,0500000US51053,51,53,Dinwiddie,County,503.716,222.92,
-76.96222599,37.94494526,0500000US51057,51,57,Essex,County,257.123,149.67,
-77.41311576,38.83741676,0500000US51059,51,59,Fairfax,County,390.969,271.85,
-77.81640113,38.71247784,0500000US51061,51,61,Fauquier,County,647.449,507.09,
-80.40833702,36.91110805,0500000US51063,51,63,Floyd,County,380.42,2451.83,
-79.86317201,37.00698304,0500000US51067,51,67,Franklin,County,690.426,1146.04,
-78.22355748,39.23745459,0500000US51069,51,69,Frederick,County,413.496,756.05,
-76.57501552,37.42198183,0500000US51073,51,73,Gloucester,County,217.807,31,
-77.57298726,36.72133652,0500000US51081,51,81,Greensville,County,295.226,131.5,
-78.91876661,36.79949757,0500000US51083,51,83,Halifax,County,817.839,480.45,
-77.55212018,37.77167526,0500000US51085,51,85,Hanover,County,468.536,191.63,
-77.30330443,37.53137755,0500000US51087,51,87,Henrico,County,233.697,148.22,
-79.51777109,38.38590444,0500000US51091,51,91,Highland,County,415.156,2574.5,
-76.69048524,36.89424335,0500000US51093,51,93,Isle of Wight,County,315.612,36.33,
-76.804027,37.3169036,0500000US51095,51,95,James City,County,142.437,39.5,
-76.85668586,37.70102851,0500000US51097,51,97,King and Queen,County,315.138,76.67,
-77.11839357,37.71396297,0500000US51101,51,101,King William,County,273.941,55,
-77.66431096,39.08539753,0500000US51107,51,107,Loudoun,County,515.561,347.28,
-78.24714301,36.93415075,0500000US51111,51,111,Lunenburg,County,431.683,435.2,
-78.27906568,38.42901918,0500000US51113,51,113,Madison,County,320.683,1081.8,
-78.33412919,36.71434477,0500000US51117,51,117,Mecklenburg,County,625.485,396.38,
-80.37426534,37.17501103,0500000US51121,51,121,Montgomery,County,387.014,1930.9,
-78.90453289,37.79245806,0500000US51125,51,125,Nelson,County,470.856,882.78,
-76.98907226,37.50273039,0500000US51127,51,127,New Kent,County,209.729,93.5,
-77.99074507,38.25509827,0500000US51137,51,137,Orange,County,340.783,436.25,
-78.48065644,38.62647715,0500000US51139,51,139,Page,County,310.856,1107.86,
-80.27284508,36.70707904,0500000US51141,51,141,Patrick,County,483.096,1316.38,
-79.39933816,36.8232585,0500000US51143,51,143,Pittsylvania,County,968.941,740.64,
-78.45847662,37.24302115,0500000US51147,51,147,Prince Edward,County,349.96,516.86,
-80.15028999,37.26507291,0500000US51161,51,161,Roanoke,County,250.518,1398.59,
-79.44079994,37.80963403,0500000US51163,51,163,Rockbridge,County,597.558,1555.17,
-78.94025708,38.52865058,0500000US51165,51,165,Rockingham,County,849.086,1639.31,
-82.07458879,36.92646619,0500000US51167,51,167,Russell,County,473.822,1900.15,
-78.5870198,38.85339736,0500000US51171,51,171,Shenandoah,County,508.776,1215.88,
-77.09682984,36.77017534,0500000US51175,51,175,Southampton,County,599.145,54.71,
-77.65794232,38.18317452,0500000US51177,51,177,Spotsylvania,County,401.496,251.67,
-77.47648359,38.41723183,0500000US51179,51,179,Stafford,County,268.956,144.58,
-81.60084451,37.13454585,0500000US51185,51,185,Tazewell,County,518.846,2368.33,
-81.95605182,36.76077094,0500000US51191,51,191,Washington,County,560.975,2027.18,
-76.73776713,38.12145912,0500000US51193,51,193,Westmoreland,County,229.375,68.44,
-82.63080121,37.00136655,0500000US51195,51,195,Wise,County,403.189,1910.2,
-77.39843848,37.26519387,0500000US51570,51,570,Colonial Heights,city,7.52,,
-77.17636941,38.8837173,0500000US51610,51,610,Falls Church,city,1.999,,
-79.44418714,37.78197187,0500000US51678,51,678,Lexington,city,2.497,1031,
-82.63565199,36.93065508,0500000US51720,51,720,Norton,city,7.481,2526,
-79.06315532,38.15794987,0500000US51790,51,790,Staunton,city,19.975,1467.45,
-78.17204053,39.17014144,0500000US51840,51,840,Winchester,city,9.233,682.71,
-82.98019962,36.74365731,0500000US51105,51,105,Lee,County,435.518,1610.4,
-77.10820671,38.8816396,0500000US51013,51,13,Arlington,County,25.974,208.35,
-76.46191868,37.72616914,0500000US51103,51,103,Lancaster,County,133.25,239.43,
-77.93778528,37.94526706,0500000US51109,51,109,Louisa,County,496.3,395.25,
-76.34926996,37.42289246,0500000US51115,51,115,Mathews,County,85.929,3.63,
-76.6314353,37.63949488,0500000US51119,51,119,Middlesex,County,130.306,54,
-75.88478156,37.3196358,0500000US51131,51,131,Northampton,County,211.612,20.13,
-76.39071974,37.85762109,0500000US51133,51,133,Northumberland,County,191.295,37.67,
-78.06951414,37.13820616,0500000US51135,51,135,Nottoway,County,314.392,426.5,
-77.88805595,37.55183919,0500000US51145,51,145,Powhatan,County,260.221,321.5,
-77.25130108,37.15376491,0500000US51149,51,149,Prince George,County,265.155,97.5,
-80.72803572,37.06136518,0500000US51155,51,155,Pulaski,County,319.858,2021.53,
-78.12886623,38.69272783,0500000US51157,51,157,Rappahannock,County,266.227,712.38,
-76.74223385,37.95905172,0500000US51159,51,159,Richmond,County,191.492,51.33,
-82.58267533,36.73864793,0500000US51169,51,169,Scott,County,535.53,1558.43,
-81.51147197,36.82416579,0500000US51173,51,173,Smyth,County,450.928,2281.6,
-76.8967396,37.09671191,0500000US51181,51,181,Surry,County,278.949,82.5,
-77.28176055,36.9142111,0500000US51183,51,183,Sussex,County,490.22,90.88,
-78.1971928,38.89778843,0500000US51187,51,187,Warren,County,213.465,763.83,
-81.05603158,36.91328195,0500000US51197,51,197,Wythe,County,461.824,2184.55,
-76.55112946,37.23706499,0500000US51199,51,199,York,County,104.78,35.2,
-77.08975403,38.81526387,0500000US51510,51,510,Alexandria,city,15.027,81.8,
-79.52026127,37.33513958,0500000US51515,51,515,Bedford,city,6.878,1266.25,
-82.11597831,36.63537926,0500000US51520,51,520,Bristol,city,13.013,1784,
-79.35640509,37.72857757,0500000US51530,51,530,Buena Vista,city,6.704,925.33,
-78.47815644,38.03980512,0500000US51540,51,540,Charlottesville,city,10.238,558.04,
-76.27630256,36.70830035,0500000US51550,51,550,Chesapeake,city,340.8,14.18,
-79.98876664,37.78065446,0500000US51580,51,580,Covington,city,5.468,1239,
-79.41638507,36.59237622,0500000US51590,51,590,Danville,city,42.934,533.25,
-77.53486523,36.69537234,0500000US51595,51,595,Emporia,city,6.894,90.5,
-77.30212694,38.85232799,0500000US51600,51,600,Fairfax,city,6.239,271.85,
-76.93256652,36.67703639,0500000US51620,51,620,Franklin,city,8.206,1146.04,
-77.48578826,38.29836751,0500000US51630,51,630,Fredericksburg,city,10.44,97,
-80.9279403,36.65915206,0500000US51640,51,640,Galax,city,8.24,,
-76.36724578,37.05271824,0500000US51650,51,650,Hampton,city,51.413,8.13,
-78.87068063,38.44094227,0500000US51660,51,660,Harrisonburg,city,17.418,1352.83,
-77.29456282,37.2876482,0500000US51670,51,670,Hopewell,city,10.278,49.25,
-79.18463567,37.40094255,0500000US51680,51,680,Lynchburg,city,49.128,741.22,
-77.48293052,38.74418081,0500000US51683,51,683,Manassas,city,9.881,246,
-77.43656093,38.77166823,0500000US51685,51,685,Manassas Park,city,2.534,,
-79.87093878,36.67937237,0500000US51690,51,690,Martinsville,city,10.956,923,
-76.5059451,37.09181327,0500000US51700,51,700,Newport News,city,68.714,27.92,
-76.26176942,36.89444629,0500000US51710,51,710,Norfolk,city,54.12,10.78,
-77.39078448,37.20524997,0500000US51730,51,730,Petersburg,city,22.932,134,
-76.3573221,37.13419329,0500000US51735,51,735,Poquoson,city,15.317,0,
-76.35018634,36.85544741,0500000US51740,51,740,Portsmouth,city,33.653,11.75,
-80.56160203,37.12063102,0500000US51750,51,750,Radford,city,9.872,,
-77.46030014,37.52311964,0500000US51760,51,760,Richmond,city,59.805,51.33,
-79.95986332,37.27334279,0500000US51770,51,770,Roanoke,city,42.562,1398.59,
-80.0688807,37.289189,0500000US51775,51,775,Salem,city,14.437,1081.5,
-76.62151069,36.73275131,0500000US51800,51,800,Suffolk,city,400.168,38.06,
-76.03463101,36.74258472,0500000US51810,51,810,Virginia Beach,city,249.016,14.05,
-78.90487007,38.06643774,0500000US51820,51,820,Waynesboro,city,15.039,1350.5,
-76.69397834,37.27909282,0500000US51830,51,830,Williamsburg,city,9.022,69.67,
-77.44395898,38.72078941,0500000US51153,51,153,Prince William,County,336.402,279.89,
-78.79289892,37.37803825,0500000US51011,51,11,Appomattox,County,333.494,795.11,
-79.69069029,39.46792494,0500000US54077,54,77,Preston,County,648.805,1798,
-81.88967661,38.47511692,0500000US54079,54,79,Putnam,County,345.669,644.33,
-80.87782684,37.64860986,0500000US54089,54,89,Summers,County,360.46,1574.8,
-80.04868189,39.3521035,0500000US54091,54,91,Taylor,County,172.771,1063.44,
-80.23369898,38.89918049,0500000US54097,54,97,Upshur,County,354.638,1513.25,
-80.02736943,39.1252484,0500000US54001,54,1,Barbour,County,341.059,1514.33,
-78.02606153,39.44383364,0500000US54003,54,3,Berkeley,County,321.142,503.93,
-81.7141938,37.99740769,0500000US54005,54,5,Boone,County,501.543,839.56,
-80.73453516,38.7077511,0500000US54007,54,7,Braxton,County,510.812,1054.17,
-80.56784915,40.28217045,0500000US54009,54,9,Brooke,County,89.205,827.7,
-82.27682219,38.4125035,0500000US54011,54,11,Cabell,County,281.018,583.3,
-81.11418159,38.8295772,0500000US54013,54,13,Calhoun,County,279.249,913.78,
-81.05841639,38.46695394,0500000US54015,54,15,Clay,County,341.902,737.25,
-81.09612883,38.04225258,0500000US54019,54,19,Fayette,County,661.55,1799.88,
-80.81211223,38.91256071,0500000US54021,54,21,Gilmer,County,338.503,799.4,
-80.40730246,37.9724127,0500000US54025,54,25,Greenbrier,County,1019.569,2110,
-78.82774156,38.99533746,0500000US54031,54,31,Hardy,County,582.312,1117,
-80.39639828,39.28498549,0500000US54033,54,33,Harrison,County,416.008,1042.22,
-81.52278266,38.29558707,0500000US54039,54,39,Kanawha,County,901.587,647.22,
-80.49344122,38.94509468,0500000US54041,54,41,Lewis,County,384.895,1050.33,
-82.08368596,38.16043625,0500000US54043,54,43,Lincoln,County,437.039,701.25,
-81.94267338,37.83334865,0500000US54045,54,45,Logan,County,453.737,886.57,
-78.86430957,39.44309305,0500000US54057,54,57,Mineral,County,327.83,1187.4,
-82.21546245,37.74309107,0500000US54059,54,59,Mingo,County,423.109,928.33,
-80.82364081,38.3215354,0500000US54067,54,67,Nicholas,County,646.824,1962.5,
-79.34109712,38.68501261,0500000US54071,54,71,Pendleton,County,696.049,1809.63,
-79.98600992,38.38776358,0500000US54075,54,75,Pocahontas,County,940.284,2540.25,
-81.17423645,37.74750535,0500000US54081,54,81,Raleigh,County,605.351,2273.17,
-79.82802486,38.75191144,0500000US54083,54,83,Randolph,County,1039.681,2139.75,
-81.08295007,39.19677178,0500000US54085,54,85,Ritchie,County,451.991,869.9,
-81.35140752,38.73130052,0500000US54087,54,87,Roane,County,483.563,784.8,
-79.57648606,39.11790229,0500000US54093,54,93,Tucker,County,418.922,2368.33,
-80.8217948,39.45170939,0500000US54095,54,95,Tyler,County,256.294,743.1,
-82.43914282,38.13232186,0500000US54099,54,99,Wayne,County,505.981,687.17,
-80.66009206,39.57537854,0500000US54103,54,103,Wetzel,County,358.063,828.8,
-81.57122415,37.60494744,0500000US54109,54,109,Wyoming,County,499.453,1489.6,
-80.74863314,39.27093665,0500000US54017,54,17,Doddridge,County,319.72,942.57,
-79.18825792,39.07122818,0500000US54023,54,23,Grant,County,477.373,1084.83,
-78.63225063,39.31268517,0500000US54027,54,27,Hampshire,County,640.249,1085.8,
-80.57033999,40.51693392,0500000US54029,54,29,Hancock,County,82.609,827.5,
-81.69582478,38.82530774,0500000US54035,54,35,Jackson,County,464.348,680.9,
-77.86087834,39.31588246,0500000US54037,54,37,Jefferson,County,209.635,534.88,
-81.63650796,37.37601222,0500000US54047,54,47,McDowell,County,533.456,1362.07,
-80.26370554,39.51440823,0500000US54049,54,49,Marion,County,308.735,1031.67,
-80.65511416,39.87522744,0500000US54051,54,51,Marshall,County,305.431,796.89,
-81.99945135,38.74817765,0500000US54053,54,53,Mason,County,430.748,596.08,
-81.07721285,37.41553612,0500000US54055,54,55,Mercer,County,418.993,2525.18,
-79.96953867,39.57827326,0500000US54061,54,61,Monongalia,County,360.062,999.88,
-80.54665286,37.55297214,0500000US54063,54,63,Monroe,County,472.752,2009.25,
-78.29872865,39.54367804,0500000US54065,54,65,Morgan,County,229.073,731.43,
-80.61422756,40.10086346,0500000US54069,54,69,Ohio,County,105.82,775.5,
-81.15584741,39.37245888,0500000US54073,54,73,Pleasants,County,130.103,705.83,
-80.43528904,38.47271153,0500000US54101,54,101,Webster,County,553.468,1727.5,
-81.40700877,39.04036423,0500000US54105,54,105,Wirt,County,232.509,662.86,
-81.50566208,39.21798534,0500000US54107,54,107,Wood,County,366.26,674.64,
